Name,NameEsp,ItemID,ItemNID
Air,Aire,air,0
Stone,Piedra,stone,1
Granite,Granito,granite,2
Polished Granite,Granito pulido,polished_granite,3
Diorite,Diorita,diorite,4
Polished Diorite,Diorita pulida,polished_diorite,5
Andesite,Andesita,andesite,6
Polished Andesite,Andesita pulida,polished_andesite,7
Deepslate,Pizarra profunda,deepslate,8
Cobbled Deepslate,Pizarra profunda rocosa,cobbled_deepslate,9
Polished Deepslate,Pizarra profunda pulida,polished_deepslate,10
Calcite,Calcita,calcite,11
Tuff,Toba,tuff,12
Dripstone Block,Bloque de caliza,dripstone_block,13
Grass Block,Césped,grass_block,14
Dirt,Tierra,dirt,15
Coarse Dirt,Tierra estéril,coarse_dirt,16
Podzol,Podsol,podzol,17
Rooted Dirt,Tierra enraizada,rooted_dirt,18
Mud,Barro,mud,19
Crimson Nylium,Necelio carmesí,crimson_nylium,20
Warped Nylium,Necelio distorsionado,warped_nylium,21
Cobblestone,Roca,cobblestone,22
Oak Planks,Tablones de roble,oak_planks,23
Spruce Planks,Tablones de abeto,spruce_planks,24
Birch Planks,Tablones de abedul,birch_planks,25
Jungle Planks,Tablones de jungla,jungle_planks,26
Acacia Planks,Tablones de acacia,acacia_planks,27
Cherry Planks,Tablones de cerezo,cherry_planks,28
Dark Oak Planks,Tablones de roble oscuro,dark_oak_planks,29
Mangrove Planks,Tablones de mangle,mangrove_planks,30
Bamboo Planks,Tablones de bambú,bamboo_planks,31
Crimson Planks,Tablones carmesí,crimson_planks,32
Warped Planks,Tablones distorsionados,warped_planks,33
Bamboo Mosaic,Mosaico de bambú,bamboo_mosaic,34
Oak Sapling,Brote de roble,oak_sapling,35
Spruce Sapling,Brote de abeto,spruce_sapling,36
Birch Sapling,Brote de abedul,birch_sapling,37
Jungle Sapling,Brote de jungla,jungle_sapling,38
Acacia Sapling,Brote de acacia,acacia_sapling,39
Cherry Sapling,Brote de cerezo,cherry_sapling,40
Dark Oak Sapling,Brote de roble oscuro,dark_oak_sapling,41
Mangrove Propagule,Propágulo de mangle,mangrove_propagule,42
Sand,Arena,sand,44
Suspicious Sand,Arena sospechosa,suspicious_sand,45
Suspicious Gravel,Grava sospechosa,suspicious_gravel,46
Red Sand,Arena roja,red_sand,47
Gravel,Grava,gravel,48
Coal Ore,Mena de carbón,coal_ore,49
Deepslate Coal Ore,Mena de carbón de pizarra profunda,deepslate_coal_ore,50
Iron Ore,Mena de hierro,iron_ore,51
Deepslate Iron Ore,Mena de hierro de pizarra profunda,deepslate_iron_ore,52
Copper Ore,Mena de cobre,copper_ore,53
Deepslate Copper Ore,Mena de cobre de pizarra profunda,deepslate_copper_ore,54
Gold Ore,Mena de oro,gold_ore,55
Deepslate Gold Ore,Mena de oro de pizarra profunda,deepslate_gold_ore,56
Redstone Ore,Mena de redstone,redstone_ore,57
Deepslate Redstone Ore,Mena de redstone de pizarra profunda,deepslate_redstone_ore,58
Emerald Ore,Mena de esmeralda,emerald_ore,59
Deepslate Emerald Ore,Mena de esmeralda de pizarra profunda,deepslate_emerald_ore,60
Lapis Lazuli Ore,Mena de lapislázuli,lapis_ore,61
Deepslate Lapis Lazuli Ore,Mena de lapislázuli de pizarra profunda,deepslate_lapis_ore,62
Diamond Ore,Mena de diamante,diamond_ore,63
Deepslate Diamond Ore,Mena de diamante de pizarra profunda,deepslate_diamond_ore,64
Nether Gold Ore,Mena de oro del Nether,nether_gold_ore,65
Nether Quartz Ore,Mena de cuarzo del Nether,nether_quartz_ore,66
Ancient Debris,Escombros ancestrales,ancient_debris,67
Block of Coal,Bloque de carbón,coal_block,68
Block of Raw Iron,Bloque de hierro en bruto,raw_iron_block,69
Block of Raw Copper,Bloque de cobre en bruto,raw_copper_block,70
Block of Raw Gold,Bloque de oro en bruto,raw_gold_block,71
Block of Amethyst,Bloque de amatista,amethyst_block,72
Block of Iron,Bloque de hierro,iron_block,74
Block of Copper,Bloque de cobre,copper_block,75
Block of Gold,Bloque de oro,gold_block,76
Block of Diamond,Bloque de diamante,diamond_block,77
Block of Netherite,Bloque de netherita,netherite_block,78
Exposed Copper,Cobre expuesto,exposed_copper,79
Weathered Copper,Cobre degradado,weathered_copper,80
Oxidized Copper,Cobre oxidado,oxidized_copper,81
Cut Copper,Cobre cortado,cut_copper,82
Exposed Cut Copper,Cobre cortado expuesto,exposed_cut_copper,83
Weathered Cut Copper,Cobre cortado degradado,weathered_cut_copper,84
Oxidized Cut Copper,Cobre cortado oxidado,oxidized_cut_copper,85
Cut Copper Stairs,Escaleras de cobre cortado,cut_copper_stairs,86
Exposed Cut Copper Stairs,Escaleras de cobre cortado expuesto,exposed_cut_copper_stairs,87
Weathered Cut Copper Stairs,Escaleras de cobre cortado degradado,weathered_cut_copper_stairs,88
Oxidized Cut Copper Stairs,Escaleras de cobre cortado oxidado,oxidized_cut_copper_stairs,89
Cut Copper Slab,Losa de cobre cortado,cut_copper_slab,90
Exposed Cut Copper Slab,Losa de cobre cortado expuesto,exposed_cut_copper_slab,91
Weathered Cut Copper Slab,Losa de cobre cortado degradado,weathered_cut_copper_slab,92
Oxidized Cut Copper Slab,Losa de cobre cortado oxidado,oxidized_cut_copper_slab,93
Waxed Block of Copper,Bloque de cobre encerado,waxed_copper_block,94
Waxed Exposed Copper,Cobre expuesto encerado,waxed_exposed_copper,95
Waxed Weathered Copper,Cobre degradado encerado,waxed_weathered_copper,96
Waxed Oxidized Copper,Cobre oxidado encerado,waxed_oxidized_copper,97
Waxed Cut Copper,Cobre cortado encerado,waxed_cut_copper,98
Waxed Exposed Cut Copper,Cobre cortado expuesto encerado,waxed_exposed_cut_copper,99
Waxed Weathered Cut Copper,Cobre cortado degradado encerado,waxed_weathered_cut_copper,100
Waxed Oxidized Cut Copper,Cobre cortado oxidado encerado,waxed_oxidized_cut_copper,101
Waxed Cut Copper Stairs,Escaleras de cobre cortado encerado,waxed_cut_copper_stairs,102
Waxed Exposed Cut Copper Stairs,Escaleras de cobre cortado expuesto encerado,waxed_exposed_cut_copper_stairs,103
Waxed Weathered Cut Copper Stairs,Escaleras de cobre cortado degradado encerado,waxed_weathered_cut_copper_stairs,104
Waxed Oxidized Cut Copper Stairs,Escaleras de cobre cortado oxidado encerado,waxed_oxidized_cut_copper_stairs,105
Waxed Cut Copper Slab,Losa de cobre cortado encerado,waxed_cut_copper_slab,106
Waxed Exposed Cut Copper Slab,Losa de cobre cortado expuesto encerado,waxed_exposed_cut_copper_slab,107
Waxed Weathered Cut Copper Slab,Losa de cobre cortado degradado encerado,waxed_weathered_cut_copper_slab,108
Waxed Oxidized Cut Copper Slab,Losa de cobre cortado oxidado encerado,waxed_oxidized_cut_copper_slab,109
Oak Log,Tronco de roble,oak_log,110
Spruce Log,Tronco de abeto,spruce_log,111
Birch Log,Tronco de abedul,birch_log,112
Jungle Log,Tronco de jungla,jungle_log,113
Acacia Log,Tronco de acacia,acacia_log,114
Cherry Log,Tronco de cerezo,cherry_log,115
Dark Oak Log,Tronco de roble oscuro,dark_oak_log,116
Mangrove Log,Tronco de mangle,mangrove_log,117
Mangrove Roots,Raíces de mangle,mangrove_roots,118
Muddy Mangrove Roots,Raíces de mangle embarradas,muddy_mangrove_roots,119
Crimson Stem,Tallo carmesí,crimson_stem,120
Warped Stem,Tallo distorsionado,warped_stem,121
Block of Bamboo,Bloque de bambú,bamboo_block,122
Stripped Oak Log,Tronco de roble sin corteza,stripped_oak_log,123
Stripped Spruce Log,Tronco de abeto sin corteza,stripped_spruce_log,124
Stripped Birch Log,Tronco de abedul sin corteza,stripped_birch_log,125
Stripped Jungle Log,Tronco de jungla sin corteza,stripped_jungle_log,126
Stripped Acacia Log,Tronco de acacia sin corteza,stripped_acacia_log,127
Stripped Cherry Log,Tronco de cerezo sin corteza,stripped_cherry_log,128
Stripped Dark Oak Log,Tronco de roble oscuro sin corteza,stripped_dark_oak_log,129
Stripped Mangrove Log,Tronco de mangle sin corteza,stripped_mangrove_log,130
Stripped Crimson Stem,Tallo carmesí pelado,stripped_crimson_stem,131
Stripped Warped Stem,Tallo distorsionado pelado,stripped_warped_stem,132
Stripped Oak Wood,Leño de roble sin corteza,stripped_oak_wood,133
Stripped Spruce Wood,Leño de abeto sin corteza,stripped_spruce_wood,134
Stripped Birch Wood,Leño de abedul sin corteza,stripped_birch_wood,135
Stripped Jungle Wood,Leño de jungla sin corteza,stripped_jungle_wood,136
Stripped Acacia Wood,Leño de acacia sin corteza,stripped_acacia_wood,137
Stripped Cherry Wood,Leño de cerezo sin corteza,stripped_cherry_wood,138
Stripped Dark Oak Wood,Leño de roble oscuro sin corteza,stripped_dark_oak_wood,139
Stripped Mangrove Wood,Leño de mangle sin corteza,stripped_mangrove_wood,140
Stripped Crimson Hyphae,Hifas carmesí peladas,stripped_crimson_hyphae,141
Stripped Warped Hyphae,Hifas distorsionadas peladas,stripped_warped_hyphae,142
Block of Stripped Bamboo,Bloque de bambú pelado,stripped_bamboo_block,143
Oak Wood,Leño de roble,oak_wood,144
Spruce Wood,Leño de abeto,spruce_wood,145
Birch Wood,Leño de abedul,birch_wood,146
Jungle Wood,Leño de jungla,jungle_wood,147
Acacia Wood,Leño de acacia,acacia_wood,148
Cherry Wood,Leño de cerezo,cherry_wood,149
Dark Oak Wood,Leño de roble oscuro,dark_oak_wood,150
Mangrove Wood,Leño de mangle,mangrove_wood,151
Crimson Hyphae,Hifas carmesí,crimson_hyphae,152
Warped Hyphae,Hifas distorsionadas,warped_hyphae,153
Oak Leaves,Hojas de roble,oak_leaves,154
Spruce Leaves,Hojas de abeto,spruce_leaves,155
Birch Leaves,Hojas de abedul,birch_leaves,156
Jungle Leaves,Hojas de jungla,jungle_leaves,157
Acacia Leaves,Hojas de acacia,acacia_leaves,158
Cherry Leaves,Hojas de cerezo,cherry_leaves,159
Dark Oak Leaves,Hojas de roble oscuro,dark_oak_leaves,160
Mangrove Leaves,Hojas de mangle,mangrove_leaves,161
Azalea Leaves,Hojas de azalea,azalea_leaves,162
Flowering Azalea Leaves,Hojas de azalea florecida,flowering_azalea_leaves,163
Sponge,Esponja,sponge,164
Wet Sponge,Esponja mojada,wet_sponge,165
Glass,Cristal,glass,166
Tinted Glass,Cristal opaco,tinted_glass,167
Block of Lapis Lazuli,Bloque de lapislázuli,lapis_block,168
Sandstone,Arenisca,sandstone,169
Chiseled Sandstone,Arenisca cincelada,chiseled_sandstone,170
Cut Sandstone,Arenisca cortada,cut_sandstone,171
Cobweb,Telaraña,cobweb,172
Fern,Helecho,fern,174
Azalea,Azalea,azalea,175
Flowering Azalea,Azalea florecida,flowering_azalea,176
Dead Bush,Arbusto muerto,dead_bush,177
Seagrass,Hierba marina,seagrass,178
Sea Pickle,Pepino de mar,sea_pickle,179
White Wool,Lana blanca,white_wool,180
Orange Wool,Lana naranja,orange_wool,181
Magenta Wool,Lana magenta,magenta_wool,182
Light Blue Wool,Lana azul claro,light_blue_wool,183
Yellow Wool,Lana amarilla,yellow_wool,184
Lime Wool,Lana lima,lime_wool,185
Pink Wool,Lana rosa,pink_wool,186
Gray Wool,Lana gris,gray_wool,187
Light Gray Wool,Lana gris claro,light_gray_wool,188
Cyan Wool,Lana cian,cyan_wool,189
Purple Wool,Lana morada,purple_wool,190
Blue Wool,Lana azul,blue_wool,191
Brown Wool,Lana marrón,brown_wool,192
Green Wool,Lana verde,green_wool,193
Red Wool,Lana roja,red_wool,194
Black Wool,Lana negra,black_wool,195
Dandelion,Diente de león,dandelion,196
Poppy,Amapola,poppy,197
Blue Orchid,Orquídea azul,blue_orchid,198
Allium,Allium,allium,199
Azure Bluet,Azure bluet,azure_bluet,200
Red Tulip,Tulipán rojo,red_tulip,201
Orange Tulip,Tulipán naranja,orange_tulip,202
White Tulip,Tulipán blanco,white_tulip,203
Pink Tulip,Tulipán rosa,pink_tulip,204
Oxeye Daisy,Margarita,oxeye_daisy,205
Cornflower,Aciano,cornflower,206
Lily of the Valley,Convalaria,lily_of_the_valley,207
Wither Rose,Rosa del Wither,wither_rose,208
Torchflower,Plantorcha,torchflower,209
Pitcher Plant,Planta odre,pitcher_plant,210
Spore Blossom,Flor de esporas,spore_blossom,211
Brown Mushroom,Champiñón marrón,brown_mushroom,212
Red Mushroom,Champiñón rojo,red_mushroom,213
Crimson Fungus,Hongo carmesí,crimson_fungus,214
Warped Fungus,Hongo distorsionado,warped_fungus,215
Crimson Roots,Raíces carmesí,crimson_roots,216
Warped Roots,Raíces distorsionadas,warped_roots,217
Nether Sprouts,Rastrojo del Nether,nether_sprouts,218
Weeping Vines,Enredaderas lacrimosas,weeping_vines,219
Twisting Vines,Enredaderas retorcidas,twisting_vines,220
Sugar Cane,Caña de azúcar,sugar_cane,221
Kelp,Alga,kelp,222
Pink Petals,Pétalos rosas,pink_petals,224
Moss Carpet,Capa de musgo,moss_carpet,223
Moss Block,Bloque de musgo,moss_block,225
Hanging Roots,Raíces colgantes,hanging_roots,226
Big Dripleaf,Plantaforma grande,big_dripleaf,227
Small Dripleaf,Plantaforma pequeña,small_dripleaf,228
Bamboo,Bambú,bamboo,229
Oak Slab,Losa de roble,oak_slab,230
Spruce Slab,Losa de abeto,spruce_slab,231
Birch Slab,Losa de abedul,birch_slab,232
Jungle Slab,Losa de jungla,jungle_slab,233
Acacia Slab,Losa de acacia,acacia_slab,234
Cherry Slab,Losa de cerezo,cherry_slab,235
Dark Oak Slab,Losa de roble oscuro,dark_oak_slab,236
Mangrove Slab,Losa de mangle,mangrove_slab,237
Bamboo Slab,Losa de bambú,bamboo_slab,238
Bamboo Mosaic Slab,Losa de mosaico de bambú,bamboo_mosaic_slab,239
Crimson Slab,Losa carmesí,crimson_slab,240
Warped Slab,Losa distorsionada,warped_slab,241
Stone Slab,Losa de piedra,stone_slab,242
Smooth Stone Slab,Losa de piedra,smooth_stone_slab,243
Sandstone Slab,Losa de arenisca,sandstone_slab,244
Cut Sandstone Slab,Losa de arenisca cortada,cut_sandstone_slab,245
Cobblestone Slab,Losa de roca,cobblestone_slab,247
Brick Slab,Losa de ladrillos,brick_slab,248
Stone Brick Slab,Losa de ladrillos de piedra,stone_brick_slab,249
Mud Brick Slab,Losa de ladrillos de adobe,mud_brick_slab,250
Nether Brick Slab,Losa de ladrillos del Nether,nether_brick_slab,251
Quartz Slab,Losa de cuarzo,quartz_slab,252
Red Sandstone Slab,Losa de arenisca roja,red_sandstone_slab,253
Cut Red Sandstone Slab,Losa de arenisca roja cortada,cut_red_sandstone_slab,254
Purpur Slab,Losa de purpur,purpur_slab,255
Prismarine Slab,Losa de prismarina,prismarine_slab,256
Prismarine Brick Slab,Losa de ladrillos de prismarina,prismarine_brick_slab,257
Dark Prismarine Slab,Losa de prismarina oscura,dark_prismarine_slab,258
Smooth Quartz Block,Bloque de cuarzo liso,smooth_quartz,259
Smooth Red Sandstone,Arenisca roja lisa,smooth_red_sandstone,260
Smooth Sandstone,Arenisca lisa,smooth_sandstone,261
Smooth Stone,Piedra lisa,smooth_stone,262
Bricks,Ladrillos,bricks,263
Bookshelf,Librería,bookshelf,264
Chiseled Bookshelf,Estantería,chiseled_bookshelf,265
Decorated Pot,Vasija decorada,decorated_pot,266
Mossy Cobblestone,Roca musgosa,mossy_cobblestone,267
Obsidian,Obsidiana,obsidian,268
Torch,Antorcha,torch,269
End Rod,Vara del End,end_rod,270
Chorus Flower,Flor chorus,chorus_flower,272
Purpur Block,Bloque de purpur,purpur_block,273
Purpur Pillar,Pilar de purpur,purpur_pillar,274
Purpur Stairs,Escaleras de purpur,purpur_stairs,275
Chest,Cofre,chest,277
Crafting Table,Mesa de trabajo,crafting_table,278
Furnace,Horno,furnace,280
Ladder,Escalera de mano,ladder,281
Cobblestone Stairs,Escaleras de roca,cobblestone_stairs,282
Snow,Capa de nieve,snow,283
Ice,Hielo,ice,284
Snow Block,Bloque de nieve,snow_block,285
Cactus,Cactus,cactus,286
Clay,Bloque de arcilla,clay,287
Jukebox,Tocadiscos,jukebox,288
Oak Fence,Valla de roble,oak_fence,289
Spruce Fence,Valla de abeto,spruce_fence,290
Birch Fence,Valla de abedul,birch_fence,291
Jungle Fence,Valla de jungla,jungle_fence,292
Acacia Fence,Valla de acacia,acacia_fence,293
Cherry Fence,Valla de cerezo,cherry_fence,294
Dark Oak Fence,Valla de roble oscuro,dark_oak_fence,295
Mangrove Fence,Valla de mangle,mangrove_fence,296
Bamboo Fence,Valla de bambú,bamboo_fence,297
Crimson Fence,Valla carmesí,crimson_fence,298
Warped Fence,Valla distorsionada,warped_fence,299
Pumpkin,Calabaza,pumpkin,300
Carved Pumpkin,Calabaza tallada,carved_pumpkin,301
Jack o'Lantern,Calabaza de Halloween,jack_o_lantern,302
Netherrack,Netherrack,netherrack,303
Soul Sand,Arena de almas,soul_sand,304
Soul Soil,Tierra de almas,soul_soil,305
Basalt,Basalto,basalt,306
Polished Basalt,Basalto pulido,polished_basalt,307
Smooth Basalt,Basalto liso,smooth_basalt,308
Soul Torch,Antorcha de almas,soul_torch,309
Glowstone,Piedra luminosa,glowstone,310
Stone Bricks,Ladrillos de piedra,stone_bricks,318
Mossy Stone Bricks,Ladrillos de piedra musgosos,mossy_stone_bricks,319
Cracked Stone Bricks,Ladrillos de piedra agrietados,cracked_stone_bricks,320
Chiseled Stone Bricks,Ladrillos de piedra cincelados,chiseled_stone_bricks,321
Packed Mud,Adobe,packed_mud,322
Mud Bricks,Ladrillos de adobe,mud_bricks,323
Deepslate Bricks,Ladrillos de pizarra profunda,deepslate_bricks,324
Cracked Deepslate Bricks,Ladrillos de pizarra profunda agrietados,cracked_deepslate_bricks,325
Deepslate Tiles,Baldosas de pizarra profunda,deepslate_tiles,326
Cracked Deepslate Tiles,Baldosas de pizarra profunda agrietadas,cracked_deepslate_tiles,327
Chiseled Deepslate,Pizarra profunda cincelada,chiseled_deepslate,328
Brown Mushroom Block,Bloque de champiñón marrón,brown_mushroom_block,330
Red Mushroom Block,Bloque de champiñón rojo,red_mushroom_block,331
Mushroom Stem,Tallo de champiñón,mushroom_stem,332
Iron Bars,Barrotes de hierro,iron_bars,333
Chain,Cadena,chain,334
Glass Pane,Panel de cristal,glass_pane,335
Melon,Sandía,melon,336
Vines,Enredaderas,vine,337
Glow Lichen,Liquen luminoso,glow_lichen,338
Brick Stairs,Escaleras de ladrillos,brick_stairs,339
Stone Brick Stairs,Escaleras de ladrillos de piedra,stone_brick_stairs,340
Mud Brick Stairs,Escaleras de ladrillos de adobe,mud_brick_stairs,341
Mycelium,Micelio,mycelium,342
Lily Pad,Nenúfar,lily_pad,343
Nether Bricks,Ladrillos del Nether,nether_bricks,344
Cracked Nether Bricks,Ladrillos del Nether agrietados,cracked_nether_bricks,345
Chiseled Nether Bricks,Ladrillos del Nether cincelados,chiseled_nether_bricks,346
Nether Brick Fence,Valla de ladrillos del Nether,nether_brick_fence,347
Nether Brick Stairs,Escaleras de ladrillos del Nether,nether_brick_stairs,348
Sculk,Sculk,sculk,349
Sculk Vein,Vena de sculk,sculk_vein,350
Sculk Catalyst,Catalizador de sculk,sculk_catalyst,351
Sculk Shrieker,Chillador de sculk,sculk_shrieker,352
Enchanting Table,Mesa de encantamientos,enchanting_table,353
End Stone,Piedra del End,end_stone,355
End Stone Bricks,Ladrillos de piedra del End,end_stone_bricks,356
Dragon Egg,Huevo de dragón,dragon_egg,357
Sandstone Stairs,Escaleras de arenisca,sandstone_stairs,358
Ender Chest,Cofre de ender,ender_chest,359
Block of Emerald,Bloque de esmeralda,emerald_block,360
Oak Stairs,Escaleras de roble,oak_stairs,361
Spruce Stairs,Escaleras de abeto,spruce_stairs,362
Birch Stairs,Escaleras de abedul,birch_stairs,363
Jungle Stairs,Escaleras de jungla,jungle_stairs,364
Acacia Stairs,Escaleras de acacia,acacia_stairs,365
Cherry Stairs,Escaleras de cerezo,cherry_stairs,366
Dark Oak Stairs,Escaleras de roble oscuro,dark_oak_stairs,367
Mangrove Stairs,Escaleras de mangle,mangrove_stairs,368
Bamboo Stairs,Escaleras de bambú,bamboo_stairs,369
Bamboo Mosaic Stairs,Escaleras de mosaico de bambú,bamboo_mosaic_stairs,370
Crimson Stairs,Escaleras carmesí,crimson_stairs,371
Warped Stairs,Escaleras distorsionadas,warped_stairs,372
Beacon,Faro,beacon,374
Cobblestone Wall,Muro de roca,cobblestone_wall,375
Mossy Cobblestone Wall,Muro de roca musgosa,mossy_cobblestone_wall,376
Brick Wall,Muro de ladrillos,brick_wall,377
Prismarine Wall,Muro de prismarina,prismarine_wall,378
Red Sandstone Wall,Muro de arenisca roja,red_sandstone_wall,379
Mossy Stone Brick Wall,Muro de ladrillos de piedra musgosos,mossy_stone_brick_wall,380
Granite Wall,Muro de granito,granite_wall,381
Stone Brick Wall,Muro de ladrillos de piedra,stone_brick_wall,382
Mud Brick Wall,Muro de ladrillos de adobe,mud_brick_wall,383
Nether Brick Wall,Muro de ladrillos del Nether,nether_brick_wall,384
Andesite Wall,Muro de andesita,andesite_wall,385
Red Nether Brick Wall,Muro de ladrillos del Nether rojos,red_nether_brick_wall,386
Sandstone Wall,Muro de arenisca,sandstone_wall,387
End Stone Brick Wall,Muro de ladrillos de piedra del End,end_stone_brick_wall,388
Diorite Wall,Muro de diorita,diorite_wall,389
Blackstone Wall,Muro de piedra negra,blackstone_wall,390
Polished Blackstone Wall,Muro de piedra negra pulida,polished_blackstone_wall,391
Polished Blackstone Brick Wall,Muro de ladrillos de piedra negra pulida,polished_blackstone_brick_wall,392
Cobbled Deepslate Wall,Muro de pizarra profunda rocosa,cobbled_deepslate_wall,393
Polished Deepslate Wall,Muro de pizarra profunda pulida,polished_deepslate_wall,394
Deepslate Brick Wall,Muro de ladrillos de pizarra profunda,deepslate_brick_wall,395
Deepslate Tile Wall,Muro de baldosas de pizarra profunda,deepslate_tile_wall,396
Anvil,Yunque,anvil,397
Chipped Anvil,Yunque dañado,chipped_anvil,398
Damaged Anvil,Yunque muy dañado,damaged_anvil,399
Chiseled Quartz Block,Cuarzo cincelado,chiseled_quartz_block,400
Block of Quartz,Cuarzo,quartz_block,401
Quartz Bricks,Ladrillos de cuarzo,quartz_bricks,402
Quartz Pillar,Pilar de cuarzo,quartz_pillar,403
Quartz Stairs,Escaleras de cuarzo,quartz_stairs,404
White Terracotta,Terracota blanca,white_terracotta,405
Orange Terracotta,Terracota naranja,orange_terracotta,406
Magenta Terracotta,Terracota magenta,magenta_terracotta,407
Light Blue Terracotta,Terracota azul claro,light_blue_terracotta,408
Yellow Terracotta,Terracota amarilla,yellow_terracotta,409
Lime Terracotta,Terracota verde lima,lime_terracotta,410
Pink Terracotta,Terracota rosa,pink_terracotta,411
Gray Terracotta,Terracota gris,gray_terracotta,412
Light Gray Terracotta,Terracota gris claro,light_gray_terracotta,413
Cyan Terracotta,Terracota cian,cyan_terracotta,414
Purple Terracotta,Terracota morada,purple_terracotta,415
Blue Terracotta,Terracota azul,blue_terracotta,416
Brown Terracotta,Terracota marrón,brown_terracotta,417
Green Terracotta,Terracota verde,green_terracotta,418
Red Terracotta,Terracota roja,red_terracotta,419
Black Terracotta,Terracota negra,black_terracotta,420
Hay Bale,Bala de heno,hay_block,423
White Carpet,Alfombra blanca,white_carpet,424
Orange Carpet,Alfombra naranja,orange_carpet,425
Magenta Carpet,Alfombra magenta,magenta_carpet,426
Light Blue Carpet,Alfombra azul claro,light_blue_carpet,427
Yellow Carpet,Alfombra amarilla,yellow_carpet,428
Lime Carpet,Alfombra verde lima,lime_carpet,429
Pink Carpet,Alfombra rosa,pink_carpet,430
Gray Carpet,Alfombra gris,gray_carpet,431
Light Gray Carpet,Alfombra gris claro,light_gray_carpet,432
Cyan Carpet,Alfombra cian,cyan_carpet,433
Purple Carpet,Alfombra morada,purple_carpet,434
Blue Carpet,Alfombra azul,blue_carpet,435
Brown Carpet,Alfombra marrón,brown_carpet,436
Green Carpet,Alfombra verde,green_carpet,437
Red Carpet,Alfombra roja,red_carpet,438
Black Carpet,Alfombra negra,black_carpet,439
Terracotta,Terracota,terracotta,440
Packed Ice,Hielo compacto,packed_ice,441
Sunflower,Girasol,sunflower,443
Lilac,Lila,lilac,444
Rose Bush,Rosal,rose_bush,445
Peony,Peonía,peony,446
Tall Grass,Hierba alta,tall_grass,447
Large Fern,Helecho grande,large_fern,448
White Stained Glass,Cristal tintado de blanco,white_stained_glass,449
Orange Stained Glass,Cristal tintado de naranja,orange_stained_glass,450
Magenta Stained Glass,Cristal tintado de magenta,magenta_stained_glass,451
Light Blue Stained Glass,Cristal tintado de azul claro,light_blue_stained_glass,452
Yellow Stained Glass,Cristal tintado de amarillo,yellow_stained_glass,453
Lime Stained Glass,Cristal tintado de verde lima,lime_stained_glass,454
Pink Stained Glass,Cristal tintado de rosa,pink_stained_glass,455
Gray Stained Glass,Cristal tintado de gris,gray_stained_glass,456
Light Gray Stained Glass,Cristal tintado de gris claro,light_gray_stained_glass,457
Cyan Stained Glass,Cristal tintado de cian,cyan_stained_glass,458
Purple Stained Glass,Cristal tintado de morado,purple_stained_glass,459
Blue Stained Glass,Cristal tintado de azul,blue_stained_glass,460
Brown Stained Glass,Cristal tintado de marrón,brown_stained_glass,461
Green Stained Glass,Cristal tintado de verde,green_stained_glass,462
Red Stained Glass,Cristal tintado de rojo,red_stained_glass,463
Black Stained Glass,Cristal tintado de negro,black_stained_glass,464
White Stained Glass Pane,Panel de cristal tintado de blanco,white_stained_glass_pane,465
Orange Stained Glass Pane,Panel de cristal tintado de naranja,orange_stained_glass_pane,466
Magenta Stained Glass Pane,Panel de cristal tintado de magenta,magenta_stained_glass_pane,467
Light Blue Stained Glass Pane,Panel de cristal tintado de azul claro,light_blue_stained_glass_pane,468
Yellow Stained Glass Pane,Panel de cristal tintado de amarillo,yellow_stained_glass_pane,469
Lime Stained Glass Pane,Panel de cristal tintado de verde lima,lime_stained_glass_pane,470
Pink Stained Glass Pane,Panel de cristal tintado de rosa,pink_stained_glass_pane,471
Gray Stained Glass Pane,Panel de cristal tintado de gris,gray_stained_glass_pane,472
Light Gray Stained Glass Pane,Panel de cristal tintado de gris claro,light_gray_stained_glass_pane,473
Cyan Stained Glass Pane,Panel de cristal tintado de cian,cyan_stained_glass_pane,474
Purple Stained Glass Pane,Panel de cristal tintado de morado,purple_stained_glass_pane,475
Blue Stained Glass Pane,Panel de cristal tintado de azul,blue_stained_glass_pane,476
Brown Stained Glass Pane,Panel de cristal tintado de marrón,brown_stained_glass_pane,477
Green Stained Glass Pane,Panel de cristal tintado de verde,green_stained_glass_pane,478
Red Stained Glass Pane,Panel de cristal tintado de rojo,red_stained_glass_pane,479
Black Stained Glass Pane,Panel de cristal tintado de negro,black_stained_glass_pane,480
Prismarine,Prismarina,prismarine,481
Prismarine Bricks,Ladrillos de prismarina,prismarine_bricks,482
Dark Prismarine,Prismarina oscura,dark_prismarine,483
Prismarine Stairs,Escaleras de prismarina,prismarine_stairs,484
Prismarine Brick Stairs,Escaleras de ladrillos de prismarina,prismarine_brick_stairs,485
Dark Prismarine Stairs,Escaleras de prismarina oscura,dark_prismarine_stairs,486
Sea Lantern,Linterna marina,sea_lantern,487
Red Sandstone,Arenisca roja,red_sandstone,488
Chiseled Red Sandstone,Arenisca roja cincelada,chiseled_red_sandstone,489
Cut Red Sandstone,Arenisca roja cortada,cut_red_sandstone,490
Red Sandstone Stairs,Escaleras de arenisca roja,red_sandstone_stairs,491
Magma Block,Bloque de magma,magma_block,494
Nether Wart Block,Bloque de verrugas del Nether,nether_wart_block,495
Warped Wart Block,Bloque de verrugas distorsionadas,warped_wart_block,496
Red Nether Bricks,Ladrillos del Nether rojos,red_nether_bricks,497
Bone Block,Bloque de huesos,bone_block,498
Shulker Box,Caja de shulker,shulker_box,500
White Shulker Box,Caja de shulker blanca,white_shulker_box,501
Orange Shulker Box,Caja de shulker naranja,orange_shulker_box,502
Magenta Shulker Box,Caja de shulker magenta,magenta_shulker_box,503
Light Blue Shulker Box,Caja de shulker azul claro,light_blue_shulker_box,504
Yellow Shulker Box,Caja de shulker amarilla,yellow_shulker_box,505
Lime Shulker Box,Caja de shulker verde lima,lime_shulker_box,506
Pink Shulker Box,Caja de shulker rosa,pink_shulker_box,507
Gray Shulker Box,Caja de shulker gris,gray_shulker_box,508
Light Gray Shulker Box,Caja de shulker gris claro,light_gray_shulker_box,509
Cyan Shulker Box,Caja de shulker cian,cyan_shulker_box,510
Purple Shulker Box,Caja de shulker morada,purple_shulker_box,511
Blue Shulker Box,Caja de shulker azul,blue_shulker_box,512
Brown Shulker Box,Caja de shulker marrón,brown_shulker_box,513
Green Shulker Box,Caja de shulker verde,green_shulker_box,514
Red Shulker Box,Caja de shulker roja,red_shulker_box,515
Black Shulker Box,Caja de shulker negra,black_shulker_box,516
White Glazed Terracotta,Azulejo blanco,white_glazed_terracotta,517
Orange Glazed Terracotta,Azulejo naranja,orange_glazed_terracotta,518
Magenta Glazed Terracotta,Azulejo magenta,magenta_glazed_terracotta,519
Light Blue Glazed Terracotta,Azulejo azul claro,light_blue_glazed_terracotta,520
Yellow Glazed Terracotta,Azulejo amarillo,yellow_glazed_terracotta,521
Lime Glazed Terracotta,Azulejo verde lima,lime_glazed_terracotta,522
Pink Glazed Terracotta,Azulejo rosa,pink_glazed_terracotta,523
Gray Glazed Terracotta,Azulejo gris,gray_glazed_terracotta,524
Light Gray Glazed Terracotta,Azulejo gris claro,light_gray_glazed_terracotta,525
Cyan Glazed Terracotta,Azulejo cian,cyan_glazed_terracotta,526
Purple Glazed Terracotta,Azulejo morado,purple_glazed_terracotta,527
Blue Glazed Terracotta,Azulejo azul,blue_glazed_terracotta,528
Brown Glazed Terracotta,Azulejo marrón,brown_glazed_terracotta,529
Green Glazed Terracotta,Azulejo verde,green_glazed_terracotta,530
Red Glazed Terracotta,Azulejo rojo,red_glazed_terracotta,531
Black Glazed Terracotta,Azulejo negro,black_glazed_terracotta,532
White Concrete,Hormigón blanco,white_concrete,533
Orange Concrete,Hormigón naranja,orange_concrete,534
Magenta Concrete,Hormigón magenta,magenta_concrete,535
Light Blue Concrete,Hormigón azul claro,light_blue_concrete,536
Yellow Concrete,Hormigón amarillo,yellow_concrete,537
Lime Concrete,Hormigón verde lima,lime_concrete,538
Pink Concrete,Hormigón rosa,pink_concrete,539
Gray Concrete,Hormigón gris,gray_concrete,540
Light Gray Concrete,Hormigón gris claro,light_gray_concrete,541
Cyan Concrete,Hormigón cian,cyan_concrete,542
Purple Concrete,Hormigón morado,purple_concrete,543
Blue Concrete,Hormigón azul,blue_concrete,544
Brown Concrete,Hormigón marrón,brown_concrete,545
Green Concrete,Hormigón verde,green_concrete,546
Red Concrete,Hormigón rojo,red_concrete,547
Black Concrete,Hormigón negro,black_concrete,548
White Concrete Powder,Cemento blanco,white_concrete_powder,549
Orange Concrete Powder,Cemento naranja,orange_concrete_powder,550
Magenta Concrete Powder,Cemento magenta,magenta_concrete_powder,551
Light Blue Concrete Powder,Cemento azul claro,light_blue_concrete_powder,552
Yellow Concrete Powder,Cemento amarillo,yellow_concrete_powder,553
Lime Concrete Powder,Cemento verde lima,lime_concrete_powder,554
Pink Concrete Powder,Cemento rosa,pink_concrete_powder,555
Gray Concrete Powder,Cemento gris,gray_concrete_powder,556
Light Gray Concrete Powder,Cemento gris claro,light_gray_concrete_powder,557
Cyan Concrete Powder,Cemento cian,cyan_concrete_powder,558
Purple Concrete Powder,Cemento morado,purple_concrete_powder,559
Blue Concrete Powder,Cemento azul,blue_concrete_powder,560
Brown Concrete Powder,Cemento marrón,brown_concrete_powder,561
Green Concrete Powder,Cemento verde,green_concrete_powder,562
Red Concrete Powder,Cemento rojo,red_concrete_powder,563
Black Concrete Powder,Cemento negro,black_concrete_powder,564
Turtle Egg,Huevo de tortuga,turtle_egg,565
Sniffer Egg,Huevo de sniffer,sniffer_egg,566
Dead Tube Coral Block,Bloque de coral de tubo muerto,dead_tube_coral_block,567
Dead Brain Coral Block,Bloque de coral de cerebro muerto,dead_brain_coral_block,568
Dead Bubble Coral Block,Bloque de coral de burbuja muerto,dead_bubble_coral_block,569
Dead Fire Coral Block,Bloque de coral de fuego muerto,dead_fire_coral_block,570
Dead Horn Coral Block,Bloque de coral de cuerno muerto,dead_horn_coral_block,571
Tube Coral Block,Bloque de coral de tubo,tube_coral_block,572
Brain Coral Block,Bloque de coral de cerebro,brain_coral_block,573
Bubble Coral Block,Bloque de coral de burbuja,bubble_coral_block,574
Fire Coral Block,Bloque de coral de fuego,fire_coral_block,575
Horn Coral Block,Bloque de coral de cuerno,horn_coral_block,576
Tube Coral,Coral de tubo,tube_coral,577
Brain Coral,Coral de cerebro,brain_coral,578
Bubble Coral,Coral de burbuja,bubble_coral,579
Fire Coral,Coral de fuego,fire_coral,580
Horn Coral,Coral de cuerno,horn_coral,581
Dead Brain Coral,Coral de cerebro muerto,dead_brain_coral,582
Dead Bubble Coral,Coral de burbuja muerto,dead_bubble_coral,583
Dead Fire Coral,Coral de fuego muerto,dead_fire_coral,584
Dead Horn Coral,Coral de cuerno muerto,dead_horn_coral,585
Dead Tube Coral,Coral de tubo muerto,dead_tube_coral,586
Tube Coral Fan,Gorgonia de tubo,tube_coral_fan,587
Brain Coral Fan,Gorgonia de cerebro,brain_coral_fan,588
Bubble Coral Fan,Gorgonia de burbuja,bubble_coral_fan,589
Fire Coral Fan,Gorgonia de fuego,fire_coral_fan,590
Horn Coral Fan,Gorgonia de cuerno,horn_coral_fan,591
Dead Tube Coral Fan,Gorgonia de tubo muerta,dead_tube_coral_fan,592
Dead Brain Coral Fan,Gorgonia de cerebro muerta,dead_brain_coral_fan,593
Dead Bubble Coral Fan,Gorgonia de burbuja muerta,dead_bubble_coral_fan,594
Dead Fire Coral Fan,Gorgonia de fuego muerta,dead_fire_coral_fan,595
Dead Horn Coral Fan,Gorgonia de cuerno muerta,dead_horn_coral_fan,596
Blue Ice,Hielo azul,blue_ice,597
Conduit,Canalizador,conduit,598
Polished Granite Stairs,Escaleras de granito pulido,polished_granite_stairs,599
Smooth Red Sandstone Stairs,Escaleras de arenisca roja lisa,smooth_red_sandstone_stairs,600
Mossy Stone Brick Stairs,Escaleras de ladrillos de piedra musgosos,mossy_stone_brick_stairs,601
Polished Diorite Stairs,Escaleras de diorita pulida,polished_diorite_stairs,602
Mossy Cobblestone Stairs,Escaleras de roca musgosa,mossy_cobblestone_stairs,603
End Stone Brick Stairs,Escaleras de ladrillos de piedra del End,end_stone_brick_stairs,604
Stone Stairs,Escaleras de piedra,stone_stairs,605
Smooth Sandstone Stairs,Escaleras de arenisca lisa,smooth_sandstone_stairs,606
Smooth Quartz Stairs,Escaleras de cuarzo liso,smooth_quartz_stairs,607
Granite Stairs,Escaleras de granito,granite_stairs,608
Andesite Stairs,Escaleras de andesita,andesite_stairs,609
Red Nether Brick Stairs,Escaleras de ladrillos del Nether rojos,red_nether_brick_stairs,610
Polished Andesite Stairs,Escaleras de andesita pulida,polished_andesite_stairs,611
Diorite Stairs,Escaleras de diorita,diorite_stairs,612
Cobbled Deepslate Stairs,Escaleras de pizarra profunda rocosa,cobbled_deepslate_stairs,613
Polished Deepslate Stairs,Escaleras de pizarra profunda pulida,polished_deepslate_stairs,614
Deepslate Brick Stairs,Escaleras de ladrillos de pizarra profunda,deepslate_brick_stairs,615
Deepslate Tile Stairs,Escaleras de baldosas de pizarra profunda,deepslate_tile_stairs,616
Polished Granite Slab,Losa de granito pulido,polished_granite_slab,617
Smooth Red Sandstone Slab,Losa de arenisca roja lisa,smooth_red_sandstone_slab,618
Mossy Stone Brick Slab,Losa de ladrillos de piedra musgosos,mossy_stone_brick_slab,619
Polished Diorite Slab,Losa de diorita pulida,polished_diorite_slab,620
Mossy Cobblestone Slab,Losa de roca musgosa,mossy_cobblestone_slab,621
End Stone Brick Slab,Losa de ladrillos de piedra del End,end_stone_brick_slab,622
Smooth Sandstone Slab,Losa de arenisca lisa,smooth_sandstone_slab,623
Smooth Quartz Slab,Losa de cuarzo liso,smooth_quartz_slab,624
Granite Slab,Losa de granito,granite_slab,625
Andesite Slab,Losa de andesita,andesite_slab,626
Red Nether Brick Slab,Losa de ladrillos del Nether rojos,red_nether_brick_slab,627
Polished Andesite Slab,Losa de andesita pulida,polished_andesite_slab,628
Diorite Slab,Losa de diorita,diorite_slab,629
Cobbled Deepslate Slab,Losa de pizarra profunda rocosa,cobbled_deepslate_slab,630
Polished Deepslate Slab,Losa de pizarra profunda pulida,polished_deepslate_slab,631
Deepslate Brick Slab,Losa de ladrillos de pizarra profunda,deepslate_brick_slab,632
Deepslate Tile Slab,Losa de baldosas de pizarra profunda,deepslate_tile_slab,633
Scaffolding,Andamio,scaffolding,634
Redstone Dust,Polvo de redstone,redstone,635
Redstone Torch,Antorcha de redstone,redstone_torch,636
Block of Redstone,Bloque de redstone,redstone_block,637
Redstone Repeater,Repetidor de redstone,repeater,638
Redstone Comparator,Comparador de redstone,comparator,639
Piston,Pistón,piston,640
Sticky Piston,Pistón pegajoso,sticky_piston,641
Slime Block,Bloque de slime,slime_block,642
Honey Block,Bloque de miel,honey_block,643
Observer,Observador,observer,644
Hopper,Tolva,hopper,645
Dispenser,Dispensador,dispenser,646
Dropper,Soltador,dropper,647
Lectern,Atril,lectern,648
Target,Diana,target,649
Lever,Palanca,lever,650
Lightning Rod,Pararrayos,lightning_rod,651
Daylight Detector,Sensor de luz solar,daylight_detector,652
Sculk Sensor,Sensor de sculk,sculk_sensor,653
Calibrated Sculk Sensor,Sensor de sculk calibrado,calibrated_sculk_sensor,654
Tripwire Hook,Gancho de cuerda,tripwire_hook,655
Trapped Chest,Cofre trampa,trapped_chest,656
TNT,Dinamita,tnt,657
Redstone Lamp,Lámpara de redstone,redstone_lamp,658
Note Block,Bloque musical,note_block,659
Stone Button,Botón de piedra,stone_button,660
Polished Blackstone Button,Botón de piedra negra pulida,polished_blackstone_button,661
Oak Button,Botón de madera,oak_button,662
Spruce Button,Botón de abeto,spruce_button,663
Birch Button,Botón de abedul,birch_button,664
Jungle Button,Botón de jungla,jungle_button,665
Acacia Button,Botón de acacia,acacia_button,666
Cherry Button,Botón de cerezo,cherry_button,667
Dark Oak Button,Botón de roble oscuro,dark_oak_button,668
Mangrove Button,Botón de mangle,mangrove_button,669
Bamboo Button,Botón de bambú,bamboo_button,670
Crimson Button,Botón carmesí,crimson_button,671
Warped Button,Botón distorsionado,warped_button,672
Stone Pressure Plate,Placa de presión de piedra,stone_pressure_plate,673
Polished Blackstone Pressure Plate,Placa de presión de piedra negra pulida,polished_blackstone_pressure_plate,674
Light Weighted Pressure Plate,Placa de presión para peso ligero,light_weighted_pressure_plate,675
Heavy Weighted Pressure Plate,Placa de presión para peso elevado,heavy_weighted_pressure_plate,676
Oak Pressure Plate,Placa de presión de roble,oak_pressure_plate,677
Spruce Pressure Plate,Placa de presión de abeto,spruce_pressure_plate,678
Birch Pressure Plate,Placa de presión de abedul,birch_pressure_plate,679
Jungle Pressure Plate,Placa de presión de jungla,jungle_pressure_plate,680
Acacia Pressure Plate,Placa de presión de acacia,acacia_pressure_plate,681
Cherry Pressure Plate,Placa de presión de cerezo,cherry_pressure_plate,682
Dark Oak Pressure Plate,Placa de presión de roble oscuro,dark_oak_pressure_plate,683
Mangrove Pressure Plate,Placa de presión de mangle,mangrove_pressure_plate,684
Bamboo Pressure Plate,Placa de presión de bambú,bamboo_pressure_plate,685
Crimson Pressure Plate,Placa de presión carmesí,crimson_pressure_plate,686
Warped Pressure Plate,Placa de presión distorsionada,warped_pressure_plate,687
Iron Door,Puerta de hierro,iron_door,688
Oak Door,Puerta de roble,oak_door,689
Spruce Door,Puerta de abeto,spruce_door,690
Birch Door,Puerta de abedul,birch_door,691
Jungle Door,Puerta de jungla,jungle_door,692
Acacia Door,Puerta de acacia,acacia_door,693
Cherry Door,Puerta de cerezo,cherry_door,694
Dark Oak Door,Puerta de roble oscuro,dark_oak_door,695
Mangrove Door,Puerta de mangle,mangrove_door,696
Bamboo Door,Puerta de bambú,bamboo_door,697
Crimson Door,Puerta carmesí,crimson_door,698
Warped Door,Puerta distorsionada,warped_door,699
Iron Trapdoor,Trampilla de hierro,iron_trapdoor,700
Oak Trapdoor,Trampilla de madera,oak_trapdoor,701
Spruce Trapdoor,Trampilla de abeto,spruce_trapdoor,702
Birch Trapdoor,Trampilla de abedul,birch_trapdoor,703
Jungle Trapdoor,Trampilla de jungla,jungle_trapdoor,704
Acacia Trapdoor,Trampilla de acacia,acacia_trapdoor,705
Cherry Trapdoor,Trampilla de cerezo,cherry_trapdoor,706
Dark Oak Trapdoor,Trampilla de roble oscuro,dark_oak_trapdoor,707
Mangrove Trapdoor,Trampilla de mangle,mangrove_trapdoor,708
Bamboo Trapdoor,Trampilla de bambú,bamboo_trapdoor,709
Crimson Trapdoor,Trampilla carmesí,crimson_trapdoor,710
Warped Trapdoor,Trampilla distorsionada,warped_trapdoor,711
Oak Fence Gate,Puerta de valla de roble,oak_fence_gate,712
Spruce Fence Gate,Puerta de valla de abeto,spruce_fence_gate,713
Birch Fence Gate,Puerta de valla de abedul,birch_fence_gate,714
Jungle Fence Gate,Puerta de valla de jungla,jungle_fence_gate,715
Acacia Fence Gate,Puerta de valla de acacia,acacia_fence_gate,716
Cherry Fence Gate,Puerta de valla de cerezo,cherry_fence_gate,717
Dark Oak Fence Gate,Puerta de valla de roble oscuro,dark_oak_fence_gate,718
Mangrove Fence Gate,Puerta de valla de mangle,mangrove_fence_gate,719
Bamboo Fence Gate,Puerta de valla de bambú,bamboo_fence_gate,720
Crimson Fence Gate,Puerta de valla carmesí,crimson_fence_gate,721
Warped Fence Gate,Puerta de valla distorsionada,warped_fence_gate,722
Powered Rail,Raíl propulsor,powered_rail,723
Detector Rail,Raíl detector,detector_rail,724
Rail,Raíl,rail,725
Activator Rail,Raíl activador,activator_rail,726
Saddle,Montura,saddle,727
Minecart,Vagoneta,minecart,728
Minecart with Chest,Vagoneta con cofre,chest_minecart,729
Minecart with Furnace,Vagoneta con horno,furnace_minecart,730
Minecart with TNT,Vagoneta con dinamita,tnt_minecart,731
Minecart with Hopper,Vagoneta con tolva,hopper_minecart,732
Carrot on a Stick,Caña con zanahoria,carrot_on_a_stick,733
Warped Fungus on a Stick,Caña con hongo distorsionado,warped_fungus_on_a_stick,734
Phantom Membrane,Membrana de fantasma,phantom_membrane,1140
Elytra,Élitros,elytra,735
Oak Boat,Barca de roble,oak_boat,736
Oak Boat with Chest,Barca de roble con cofre,oak_chest_boat,737
Spruce Boat,Barca de abeto,spruce_boat,738
Spruce Boat with Chest,Barca de abeto con cofre,spruce_chest_boat,739
Birch Boat,Barca de abedul,birch_boat,740
Birch Boat with Chest,Barca de abedul con cofre,birch_chest_boat,741
Jungle Boat,Barca de jungla,jungle_boat,742
Jungle Boat with Chest,Barca de jungla con cofre,jungle_chest_boat,743
Acacia Boat,Barca de acacia,acacia_boat,744
Acacia Boat with Chest,Barca de acacia con cofre,acacia_chest_boat,745
Cherry Boat,Barca de cerezo,cherry_boat,746
Cherry Boat with Chest,Barca de cerezo con cofre,cherry_chest_boat,747
Dark Oak Boat,Barca de roble oscuro,dark_oak_boat,748
Dark Oak Boat with Chest,Barca de roble oscuro con cofre,dark_oak_chest_boat,749
Mangrove Boat,Barca de mangle,mangrove_boat,750
Mangrove Boat with Chest,Barca de mangle con cofre,mangrove_chest_boat,751
Bamboo Raft,Balsa de bambú,bamboo_raft,752
Bamboo Raft with Chest,Balsa de bambú con cofre,bamboo_chest_raft,753
Turtle Shell,Caparazón de tortuga,turtle_helmet,756
Flint and Steel,Mechero,flint_and_steel,758
Bowl,Cuenco,bowl,808
Apple,Manzana,apple,759
Bow,Arco,bow,760
Arrow,Flecha,arrow,761
Coal,Carbón,coal,762
Charcoal,Carbón vegetal,charcoal,763
Diamond,Diamante,diamond,764
Emerald,Esmeralda,emerald,765
Lapis Lazuli,Lapislázuli,lapis_lazuli,766
Nether Quartz,Cuarzo del Nether,quartz,767
Amethyst Shard,Fragmento de amatista,amethyst_shard,768
Raw Iron,Hierro en bruto,raw_iron,769
Iron Ingot,Lingote de hierro,iron_ingot,770
Raw Copper,Cobre en bruto,raw_copper,771
Copper Ingot,Lingote de cobre,copper_ingot,772
Raw Gold,Oro en bruto,raw_gold,773
Gold Ingot,Lingote de oro,gold_ingot,774
Netherite Ingot,Lingote de netherita,netherite_ingot,775
Netherite Scrap,Fragmentos de netherita,netherite_scrap,776
Wooden Sword,Espada de madera,wooden_sword,777
Wooden Shovel,Pala de madera,wooden_shovel,778
Wooden Pickaxe,Pico de madera,wooden_pickaxe,779
Wooden Axe,Hacha de madera,wooden_axe,780
Wooden Hoe,Azada de madera,wooden_hoe,781
Stone Sword,Espada de piedra,stone_sword,782
Stone Shovel,Pala de piedra,stone_shovel,783
Stone Pickaxe,Pico de piedra,stone_pickaxe,784
Stone Axe,Hacha de piedra,stone_axe,785
Stone Hoe,Azada de piedra,stone_hoe,786
Golden Sword,Espada de oro,golden_sword,787
Golden Shovel,Pala de oro,golden_shovel,788
Golden Pickaxe,Pico de oro,golden_pickaxe,789
Golden Axe,Hacha de oro,golden_axe,790
Golden Hoe,Azada de oro,golden_hoe,791
Iron Sword,Espada de hierro,iron_sword,792
Iron Shovel,Pala de hierro,iron_shovel,793
Iron Pickaxe,Pico de hierro,iron_pickaxe,794
Iron Axe,Hacha de hierro,iron_axe,795
Iron Hoe,Azada de hierro,iron_hoe,796
Diamond Sword,Espada de diamante,diamond_sword,797
Diamond Shovel,Pala de diamante,diamond_shovel,798
Diamond Pickaxe,Pico de diamante,diamond_pickaxe,799
Diamond Axe,Hacha de diamante,diamond_axe,800
Diamond Hoe,Azada de diamante,diamond_hoe,801
Netherite Sword,Espada de netherita,netherite_sword,802
Netherite Shovel,Pala de netherita,netherite_shovel,803
Netherite Pickaxe,Pico de netherita,netherite_pickaxe,804
Netherite Axe,Hacha de netherita,netherite_axe,805
Netherite Hoe,Azada de netherita,netherite_hoe,806
Stick,Palo,stick,807
Mushroom Stew,Estofado de champiñones,mushroom_stew,809
String,Hilo,string,810
Feather,Pluma,feather,811
Gunpowder,Pólvora,gunpowder,812
Wheat Seeds,Semillas de trigo,wheat_seeds,813
Wheat,Trigo,wheat,814
Bread,Pan,bread,815
Leather Cap,Sombrero de cuero,leather_helmet,816
Leather Tunic,Túnica de cuero,leather_chestplate,817
Leather Pants,Pantalones de cuero,leather_leggings,818
Leather Boots,Botas de cuero,leather_boots,819
Chainmail Helmet,Casco de cota de mallas,chainmail_helmet,820
Chainmail Chestplate,Peto de cota de mallas,chainmail_chestplate,821
Chainmail Leggings,Grebas de cota de mallas,chainmail_leggings,822
Chainmail Boots,Botas de cota de mallas,chainmail_boots,823
Iron Helmet,Casco de hierro,iron_helmet,824
Iron Chestplate,Peto de hierro,iron_chestplate,825
Iron Leggings,Grebas de hierro,iron_leggings,826
Iron Boots,Botas de hierro,iron_boots,827
Diamond Helmet,Casco de diamante,diamond_helmet,828
Diamond Chestplate,Peto de diamante,diamond_chestplate,829
Diamond Leggings,Grebas de diamante,diamond_leggings,830
Diamond Boots,Botas de diamante,diamond_boots,831
Golden Helmet,Casco de oro,golden_helmet,832
Golden Chestplate,Peto de oro,golden_chestplate,833
Golden Leggings,Grebas de oro,golden_leggings,834
Golden Boots,Botas de oro,golden_boots,835
Netherite Helmet,Casco de netherita,netherite_helmet,836
Netherite Chestplate,Peto de netherita,netherite_chestplate,837
Netherite Leggings,Grebas de netherita,netherite_leggings,838
Netherite Boots,Botas de netherita,netherite_boots,839
Flint,Pedernal,flint,840
Raw Porkchop,Chuleta de cerdo cruda,porkchop,841
Cooked Porkchop,Chuleta de cerdo cocinada,cooked_porkchop,842
Painting,Cuadro,painting,843
Golden Apple,Manzana dorada,golden_apple,844
Enchanted Golden Apple,Manzana dorada encantada,enchanted_golden_apple,845
Oak Sign,Cartel,oak_sign,846
Spruce Sign,Cartel de abeto,spruce_sign,847
Birch Sign,Cartel de abedul,birch_sign,848
Jungle Sign,Cartel de jungla,jungle_sign,849
Acacia Sign,Cartel de acacia,acacia_sign,850
Cherry Sign,Cartel de cerezo,cherry_sign,851
Dark Oak Sign,Cartel de roble oscuro,dark_oak_sign,852
Mangrove Sign,Cartel de mangle,mangrove_sign,853
Bamboo Sign,Cartel de bambú,bamboo_sign,854
Crimson Sign,Cartel carmesí,crimson_sign,855
Warped Sign,Cartel distorsionado,warped_sign,856
Oak Hanging Sign,Cartel colgante de roble,oak_hanging_sign,857
Spruce Hanging Sign,Cartel colgante de abeto,spruce_hanging_sign,858
Birch Hanging Sign,Cartel colgante de abedul,birch_hanging_sign,859
Jungle Hanging Sign,Cartel colgante de jungla,jungle_hanging_sign,860
Acacia Hanging Sign,Cartel colgante de acacia,acacia_hanging_sign,861
Cherry Hanging Sign,Cartel colgante de cerezo,cherry_hanging_sign,862
Dark Oak Hanging Sign,Cartel colgante de roble oscuro,dark_oak_hanging_sign,863
Mangrove Hanging Sign,Cartel colgante de mangle,mangrove_hanging_sign,864
Bamboo Hanging Sign,Cartel colgante de bambú,bamboo_hanging_sign,865
Crimson Hanging Sign,Cartel colgante carmesí,crimson_hanging_sign,866
Warped Hanging Sign,Cartel colgante distorsionado,warped_hanging_sign,867
Bucket,Cubo,bucket,868
Water Bucket,Cubo con agua,water_bucket,869
Lava Bucket,Cubo con lava,lava_bucket,870
Powder Snow Bucket,Cubo con nieve polvo,powder_snow_bucket,871
Snowball,Bola de nieve,snowball,872
Leather,Cuero,leather,873
Milk Bucket,Cubo con leche,milk_bucket,874
Bucket of Pufferfish,Cubo con pez globo,pufferfish_bucket,875
Bucket of Salmon,Cubo con salmón,salmon_bucket,876
Bucket of Cod,Cubo con bacalao,cod_bucket,877
Bucket of Tropical Fish,Cubo con pez tropical,tropical_fish_bucket,878
Bucket of Axolotl,Cubo con ajolote,axolotl_bucket,879
Bucket of Tadpole,Cubo con renacuajo,tadpole_bucket,880
Brick,Ladrillo,brick,881
Clay Ball,Bola de arcilla,clay_ball,882
Dried Kelp Block,Bloque de algas secas,dried_kelp_block,883
Paper,Papel,paper,884
Book,Libro,book,885
Slimeball,Bola de slime,slime_ball,886
Egg,Huevo,egg,887
Compass,Brújula,compass,888
Recovery Compass,Brújula de recuperación,recovery_compass,889
Bundle,Saco,bundle,890
Fishing Rod,Caña de pescar,fishing_rod,891
Clock,Reloj,clock,892
Spyglass,Catalejo,spyglass,893
Glowstone Dust,Polvo de piedra luminosa,glowstone_dust,894
Raw Cod,Bacalao crudo,cod,895
Raw Salmon,Salmón crudo,salmon,896
Tropical Fish,Pez tropical,tropical_fish,897
Pufferfish,Pez globo,pufferfish,898
Cooked Cod,Bacalao cocinado,cooked_cod,899
Cooked Salmon,Salmón ahumado,cooked_salmon,900
Ink Sac,Saco de tinta,ink_sac,901
Glow Ink Sac,Saco de tinta luminosa,glow_ink_sac,902
Cocoa Beans,Semillas de cacao,cocoa_beans,903
White Dye,Tinte blanco,white_dye,904
Orange Dye,Tinte naranja,orange_dye,905
Magenta Dye,Tinte magenta,magenta_dye,906
Light Blue Dye,Tinte azul claro,light_blue_dye,907
Yellow Dye,Tinte amarillo,yellow_dye,908
Lime Dye,Tinte verde lima,lime_dye,909
Pink Dye,Tinte rosa,pink_dye,910
Gray Dye,Tinte gris,gray_dye,911
Light Gray Dye,Tinte gris claro,light_gray_dye,912
Cyan Dye,Tinte cian,cyan_dye,913
Purple Dye,Tinte morado,purple_dye,914
Blue Dye,Tinte azul,blue_dye,915
Brown Dye,Tinte marrón,brown_dye,916
Green Dye,Tinte verde,green_dye,917
Red Dye,Tinte rojo,red_dye,918
Black Dye,Tinte negro,black_dye,919
Bone Meal,Polvo de hueso,bone_meal,920
Bone,Hueso,bone,921
Sugar,Azúcar,sugar,922
Cake,Tarta,cake,923
White Bed,Cama,white_bed,924
Orange Bed,Cama,orange_bed,925
Magenta Bed,Cama,magenta_bed,926
Light Blue Bed,Cama,light_blue_bed,927
Yellow Bed,Cama,yellow_bed,928
Lime Bed,Cama lima,lime_bed,929
Pink Bed,Cama,pink_bed,930
Gray Bed,Cama,gray_bed,931
Light Gray Bed,Cama,light_gray_bed,932
Cyan Bed,Cama,cyan_bed,933
Purple Bed,Cama,purple_bed,934
Blue Bed,Cama,blue_bed,935
Brown Bed,Cama,brown_bed,936
Green Bed,Cama,green_bed,937
Red Bed,Cama,red_bed,938
Black Bed,Cama,black_bed,939
Cookie,Galleta,cookie,940
Map,Mapa,filled_map,941
Shears,Tijeras,shears,942
Melon Slice,Rodaja de sandía,melon_slice,943
Dried Kelp,Algas secas,dried_kelp,944
Pumpkin Seeds,Semillas de calabaza,pumpkin_seeds,945
Melon Seeds,Semillas de sandía,melon_seeds,946
Raw Beef,Filete crudo,beef,947
Steak,Filete asado,cooked_beef,948
Raw Chicken,Pollo crudo,chicken,949
Cooked Chicken,Pollo asado,cooked_chicken,950
Rotten Flesh,Carne podrida,rotten_flesh,951
Ender Pearl,Perla de ender,ender_pearl,952
Blaze Rod,Vara de blaze,blaze_rod,953
Ghast Tear,Lágrima de ghast,ghast_tear,954
Gold Nugget,Pepita de oro,gold_nugget,955
Nether Wart,Verruga del Nether,nether_wart,956
Glass Bottle,Frasco de cristal,glass_bottle,958
Potion,Poción no fabricable,potion,957
Spider Eye,Ojo de araña,spider_eye,959
Fermented Spider Eye,Ojo de araña fermentado,fermented_spider_eye,960
Blaze Powder,Polvo de blaze,blaze_powder,961
Magma Cream,Crema de magma,magma_cream,962
Brewing Stand,Soporte para pociones,brewing_stand,963
Cauldron,Caldero,cauldron,964
Eye of Ender,Ojo de ender,ender_eye,965
Glistering Melon Slice,Rodaja de sandía reluciente,glistering_melon_slice,966
Bottle o' Enchanting,Frasco con experiencia,experience_bottle,1044
Fire Charge,Carga ígnea,fire_charge,1045
Book and Quill,Libro y pluma,writable_book,1046
Written Book,Libro escrito,written_book,1047
Item Frame,Marco,item_frame,1048
Glow Item Frame,Marco luminoso,glow_item_frame,1049
Flower Pot,Maceta,flower_pot,1050
Carrot,Zanahoria,carrot,1051
Potato,Patata,potato,1052
Baked Potato,Patata cocida,baked_potato,1053
Poisonous Potato,Patata venenosa,poisonous_potato,1054
Empty Map,Mapa en blanco,map,1055
Golden Carrot,Zanahoria dorada,golden_carrot,1056
Skeleton Skull,Calavera de esqueleto,skeleton_skull,1057
Wither Skeleton Skull,Calavera de esqueleto del Wither,wither_skeleton_skull,1058
Zombie Head,Cabeza de zombi,zombie_head,1060
Creeper Head,Cabeza de creeper,creeper_head,1061
Dragon Head,Cabeza de dragón,dragon_head,1062
Piglin Head,Cabeza de piglin,piglin_head,1063
Nether Star,Estrella del Nether,nether_star,1064
Pumpkin Pie,Tarta de calabaza,pumpkin_pie,1065
Firework Rocket,Cohete de fuegos artificiales,firework_rocket,1066
Firework Star,Estrella de fuegos artificiales,firework_star,1067
Enchanted Book,Libro encantado,enchanted_book,1068
Nether Brick,Ladrillo del Nether,nether_brick,1069
Prismarine Shard,Fragmento de prismarina,prismarine_shard,1070
Prismarine Crystals,Cristales de prismarina,prismarine_crystals,1071
Raw Rabbit,Conejo crudo,rabbit,1072
Cooked Rabbit,Conejo asado,cooked_rabbit,1073
Rabbit Stew,Estofado de conejo,rabbit_stew,1074
Rabbit's Foot,Pata de conejo,rabbit_foot,1075
Rabbit Hide,Piel de conejo,rabbit_hide,1076
Armor Stand,Soporte para armadura,armor_stand,1077
Iron Horse Armor,Armadura de hierro para caballo,iron_horse_armor,1078
Golden Horse Armor,Armadura de oro para caballo,golden_horse_armor,1079
Diamond Horse Armor,Armadura de diamante para caballo,diamond_horse_armor,1080
Leather Horse Armor,Armadura de cuero para caballo,leather_horse_armor,1081
Lead,Rienda,lead,1082
Name Tag,Etiqueta,name_tag,1083
Raw Mutton,Cordero crudo,mutton,1085
Cooked Mutton,Cordero asado,cooked_mutton,1086
White Banner,Estandarte blanco,white_banner,1087
Orange Banner,Estandarte naranja,orange_banner,1088
Magenta Banner,Estandarte magenta,magenta_banner,1089
Light Blue Banner,Estandarte azul claro,light_blue_banner,1090
Yellow Banner,Estandarte amarillo,yellow_banner,1091
Lime Banner,Estandarte verde lima,lime_banner,1092
Pink Banner,Estandarte rosa,pink_banner,1093
Gray Banner,Estandarte gris,gray_banner,1094
Light Gray Banner,Estandarte gris claro,light_gray_banner,1095
Cyan Banner,Estandarte cian,cyan_banner,1096
Purple Banner,Estandarte morado,purple_banner,1097
Blue Banner,Estandarte azul,blue_banner,1098
Brown Banner,Estandarte marrón,brown_banner,1099
Green Banner,Estandarte verde,green_banner,1100
Red Banner,Estandarte rojo,red_banner,1101
Black Banner,Estandarte negro,black_banner,1102
End Crystal,Cristal del End,end_crystal,1103
Chorus Fruit,Fruta chorus,chorus_fruit,1104
Popped Chorus Fruit,Fruta chorus horneada,popped_chorus_fruit,1105
Torchflower Seeds,Semillas de plantorcha,torchflower_seeds,1106
Pitcher Pod,Vaina de planta odre,pitcher_pod,1107
Beetroot,Remolacha,beetroot,1108
Beetroot Seeds,Semillas de remolacha,beetroot_seeds,1109
Beetroot Soup,Estofado de remolacha,beetroot_soup,1110
Dragon's Breath,Aliento de dragón,dragon_breath,1111
Splash Potion,Poción arrojadiza no fabricable,splash_potion,1112
Spectral Arrow,Flecha espectral,spectral_arrow,1113
Tipped Arrow,Flecha con efecto no fabricable,tipped_arrow,1114
Lingering Potion,Poción persistente no fabricable,lingering_potion,1115
Shield,Escudo,shield,1116
Totem of Undying,Tótem de inmortalidad,totem_of_undying,1117
Shulker Shell,Caparazón de shulker,shulker_shell,1118
Iron Nugget,Pepita de hierro,iron_nugget,1119
Music Disc,Disco de música,music_disc_13,1122
Music Disc,Disco de música,music_disc_cat,1123
Music Disc,Disco de música,music_disc_blocks,1124
Music Disc,Disco de música,music_disc_chirp,1125
Music Disc,Disco de música,music_disc_far,1126
Music Disc,Disco de música,music_disc_mall,1127
Music Disc,Disco de música,music_disc_mellohi,1128
Music Disc,Disco de música,music_disc_stal,1129
Music Disc,Disco de música,music_disc_strad,1130
Music Disc,Disco de música,music_disc_ward,1131
Music Disc,Disco de música,music_disc_11,1132
Music Disc,Disco de música,music_disc_wait,1133
Music Disc,Disco de música,music_disc_otherside,1134
Music Disc,Disco de música,music_disc_relic,1135
Music Disc,Disco de música,music_disc_5,1136
Music Disc,Disco de música,music_disc_pigstep,1137
Disc Fragment,Fragmento de disco,disc_fragment_5,1138
Trident,Tridente,trident,1139
Nautilus Shell,Caparazón de nautilo,nautilus_shell,1141
Heart of the Sea,Corazón del mar,heart_of_the_sea,1142
Crossbow,Ballesta,crossbow,1143
Suspicious Stew,Estofado sospechoso,suspicious_stew,1144
Loom,Telar,loom,1145
Flower Charge Banner Pattern,Diseño de estandarte,flower_banner_pattern,1146
Creeper Charge Banner Pattern,Diseño de estandarte,creeper_banner_pattern,1147
Skull Charge Banner Pattern,Diseño de estandarte,skull_banner_pattern,1148
Thing Banner Pattern,Diseño de estandarte,mojang_banner_pattern,1149
Globe Banner Pattern,Diseño de estandarte,globe_banner_pattern,1150
Snout Banner Pattern,Diseño de estandarte,piglin_banner_pattern,1151
Goat Horn,Cuerno de cabra,goat_horn,1152
Composter,Compostador,composter,1153
Barrel,Barril,barrel,1154
Smoker,Ahumador,smoker,1155
Blast Furnace,Alto horno,blast_furnace,1156
Cartography Table,Mesa de cartografía,cartography_table,1157
Fletching Table,Mesa de flechas,fletching_table,1158
Grindstone,Afiladora,grindstone,1159
Smithing Table,Mesa de herrería,smithing_table,1160
Stonecutter,Cortapiedras,stonecutter,1161
Bell,Campana,bell,1162
Lantern,Farol,lantern,1163
Soul Lantern,Farol de almas,soul_lantern,1164
Sweet Berries,Bayas dulces,sweet_berries,1165
Glow Berries,Bayas luminosas,glow_berries,1166
Campfire,Hoguera,campfire,1167
Soul Campfire,Hoguera de almas,soul_campfire,1168
Shroomlight,Brillongo,shroomlight,1169
Honeycomb,Panal,honeycomb,1170
Bee Nest,Colmena,bee_nest,1171
Beehive,Apiario,beehive,1172
Honey Bottle,Frasco con miel,honey_bottle,1173
Honeycomb Block,Bloque de panal,honeycomb_block,1174
Lodestone,Magnetita,lodestone,1175
Crying Obsidian,Obsidiana llorosa,crying_obsidian,1176
Blackstone,Piedra negra,blackstone,1177
Blackstone Slab,Losa de piedra negra,blackstone_slab,1178
Blackstone Stairs,Escaleras de piedra negra,blackstone_stairs,1179
Gilded Blackstone,Piedra negra áurea,gilded_blackstone,1180
Polished Blackstone,Piedra negra pulida,polished_blackstone,1181
Polished Blackstone Slab,Losa de piedra negra pulida,polished_blackstone_slab,1182
Polished Blackstone Stairs,Escaleras de piedra negra pulida,polished_blackstone_stairs,1183
Chiseled Polished Blackstone,Piedra negra pulida cincelada,chiseled_polished_blackstone,1184
Polished Blackstone Bricks,Ladrillos de piedra negra pulida,polished_blackstone_bricks,1185
Polished Blackstone Brick Slab,Losa de ladrillos de piedra negra pulida,polished_blackstone_brick_slab,1186
Polished Blackstone Brick Stairs,Escaleras de ladrillos de piedra negra pulida,polished_blackstone_brick_stairs,1187
Cracked Polished Blackstone Bricks,Ladrillos de piedra negra pulida agrietados,cracked_polished_blackstone_bricks,1188
Respawn Anchor,Nexo de reaparición,respawn_anchor,1189
Candle,Vela,candle,1190
White Candle,Vela blanca,white_candle,1191
Orange Candle,Vela naranja,orange_candle,1192
Magenta Candle,Vela magenta,magenta_candle,1193
Light Blue Candle,Vela azul claro,light_blue_candle,1194
Yellow Candle,Vela amarilla,yellow_candle,1195
Lime Candle,Vela verde lima,lime_candle,1196
Pink Candle,Vela rosa,pink_candle,1197
Gray Candle,Vela gris,gray_candle,1198
Light Gray Candle,Vela gris claro,light_gray_candle,1199
Cyan Candle,Vela cian,cyan_candle,1200
Purple Candle,Vela morada,purple_candle,1201
Blue Candle,Vela azul,blue_candle,1202
Brown Candle,Vela marrón,brown_candle,1203
Green Candle,Vela verde,green_candle,1204
Red Candle,Vela roja,red_candle,1205
Black Candle,Vela negra,black_candle,1206
Small Amethyst Bud,Brote de amatista pequeño,small_amethyst_bud,1207
Medium Amethyst Bud,Brote de amatista mediano,medium_amethyst_bud,1208
Large Amethyst Bud,Brote de amatista grande,large_amethyst_bud,1209
Amethyst Cluster,Cúmulo de amatista,amethyst_cluster,1210
Pointed Dripstone,Caliza puntiaguda,pointed_dripstone,1211
Ochre Froglight,Ranaluz ocre,ochre_froglight,1212
Verdant Froglight,Ranaluz verde,verdant_froglight,1213
Pearlescent Froglight,Ranaluz nacarada,pearlescent_froglight,1214
Echo Shard,Fragmento resonante,echo_shard,1216
Brush,Pincel,brush,1217
Netherite Upgrade,Molde de herrería,netherite_upgrade_smithing_template,1218
Sentry Armor Trim,Molde de herrería,sentry_armor_trim_smithing_template,1219
Dune Armor Trim,Molde de herrería,dune_armor_trim_smithing_template,1220
Coast Armor Trim,Molde de herrería,coast_armor_trim_smithing_template,1221
Wild Armor Trim,Molde de herrería,wild_armor_trim_smithing_template,1222
Ward Armor Trim,Molde de herrería,ward_armor_trim_smithing_template,1223
Eye Armor Trim,Molde de herrería,eye_armor_trim_smithing_template,1224
Vex Armor Trim,Molde de herrería,vex_armor_trim_smithing_template,1225
Tide Armor Trim,Molde de herrería,tide_armor_trim_smithing_template,1226
Snout Armor Trim,Molde de herrería,snout_armor_trim_smithing_template,1227
Rib Armor Trim,Molde de herrería,rib_armor_trim_smithing_template,1228
Spire Armor Trim,Molde de herrería,spire_armor_trim_smithing_template,1229
Wayfinder Armor Trim,Molde de herrería,wayfinder_armor_trim_smithing_template,1230
Shaper Armor Trim,Molde de herrería,shaper_armor_trim_smithing_template,1231
Silence Armor Trim,Molde de herrería,silence_armor_trim_smithing_template,1232
Raiser Armor Trim,Molde de herrería,raiser_armor_trim_smithing_template,1233
Host Armor Trim,Molde de herrería,host_armor_trim_smithing_template,1234
Angler Pottery Sherd,Fragmento de cerámica de caña de pescar,angler_pottery_sherd,1235
Archer Pottery Sherd,Fragmento de cerámica de arco,archer_pottery_sherd,1236
Arms Up Pottery Sherd,Fragmento de cerámica de monigote,arms_up_pottery_sherd,1237
Blade Pottery Sherd,Fragmento de cerámica de espada,blade_pottery_sherd,1238
Brewer Pottery Sherd,Fragmento de cerámica de poción,brewer_pottery_sherd,1239
Burn Pottery Sherd,Fragmento de cerámica de fuego,burn_pottery_sherd,1240
Danger Pottery Sherd,Fragmento de cerámica de creeper,danger_pottery_sherd,1241
Explorer Pottery Sherd,Fragmento de cerámica de mapa,explorer_pottery_sherd,1242
Friend Pottery Sherd,Fragmento de cerámica de amistad,friend_pottery_sherd,1243
Heart Pottery Sherd,Fragmento de cerámica de corazón,heart_pottery_sherd,1244
Heartbreak Pottery Sherd,Fragmento de cerámica de corazón roto,heartbreak_pottery_sherd,1245
Howl Pottery Sherd,Fragmento de cerámica de lobo,howl_pottery_sherd,1246
Miner Pottery Sherd,Fragmento de cerámica de pico,miner_pottery_sherd,1247
Mourner Pottery Sherd,Fragmento de cerámica de warden,mourner_pottery_sherd,1248
Plenty Pottery Sherd,Fragmento de cerámica de cofre,plenty_pottery_sherd,1249
Prize Pottery Sherd,Fragmento de cerámica de gema,prize_pottery_sherd,1250
Sheaf Pottery Sherd,Fragmento de cerámica de paja,sheaf_pottery_sherd,1251
Shelter Pottery Sherd,Fragmento de cerámica de refugio,shelter_pottery_sherd,1252
Skull Pottery Sherd,Fragmento de cerámica de calavera,skull_pottery_sherd,1253
Snort Pottery Sherd,Fragmento de cerámica de sniffer,snort_pottery_sherd,1254
